Actual,Predicted
COMEDY,COMEDY
WOMEN,WOMEN
ARTS & CULTURE,ARTS & CULTURE
CRIME,TECH
EDUCATION,EDUCATION
RELIGION,RELIGION
SPORTS,WOMEN
ARTS & CULTURE,ARTS & CULTURE
WOMEN,ARTS & CULTURE
EDUCATION,EDUCATION
SCIENCE,ENVIRONMENT
RELIGION,RELIGION
ENTERTAINMENT,ARTS & CULTURE
MEDIA,WOMEN
ARTS & CULTURE,ARTS & CULTURE
ARTS & CULTURE,SPORTS
WOMEN,EDUCATION
BUSINESS,SCIENCE
EDUCATION,EDUCATION
SPORTS,SPORTS
TECH,ARTS & CULTURE
BUSINESS,BUSINESS
RELIGION,POLITICS
COMEDY,ENTERTAINMENT
RELIGION,RELIGION
POLITICS,RELIGION
ENTERTAINMENT,ARTS & CULTURE
SPORTS,SPORTS
RELIGION,RELIGION
SPORTS,SPORTS
ENTERTAINMENT,ENTERTAINMENT
ARTS & CULTURE,WOMEN
ARTS & CULTURE,ENTERTAINMENT
BUSINESS,BUSINESS
BUSINESS,EDUCATION
ARTS & CULTURE,ARTS & CULTURE
RELIGION,POLITICS
EDUCATION,EDUCATION
ARTS & CULTURE,ARTS & CULTURE
MEDIA,CRIME
TECH,TECH
COMEDY,ENTERTAINMENT
MEDIA,CRIME
SCIENCE,SCIENCE
ARTS & CULTURE,ARTS & CULTURE
COMEDY,COMEDY
SPORTS,WOMEN
ENTERTAINMENT,ENTERTAINMENT
ARTS & CULTURE,ARTS & CULTURE
MEDIA,MEDIA
SPORTS,COMEDY
POLITICS,BUSINESS
ARTS & CULTURE,ARTS & CULTURE
ENVIRONMENT,ENVIRONMENT
ENVIRONMENT,ARTS & CULTURE
BUSINESS,EDUCATION
POLITICS,RELIGION
ARTS & CULTURE,ARTS & CULTURE
BUSINESS,BUSINESS
CRIME,CRIME
BUSINESS,TECH
WOMEN,ENVIRONMENT
POLITICS,TECH
ENTERTAINMENT,MEDIA
EDUCATION,ENVIRONMENT
MEDIA,POLITICS
ARTS & CULTURE,ENVIRONMENT
POLITICS,ARTS & CULTURE
ENTERTAINMENT,COMEDY
EDUCATION,ARTS & CULTURE
SPORTS,ENTERTAINMENT
RELIGION,RELIGION
BUSINESS,MEDIA
CRIME,WOMEN
POLITICS,WOMEN
ARTS & CULTURE,ARTS & CULTURE
COMEDY,ARTS & CULTURE
WOMEN,WOMEN
SPORTS,CRIME
ENTERTAINMENT,ENTERTAINMENT
BUSINESS,MEDIA
ENTERTAINMENT,ENTERTAINMENT
BUSINESS,TECH
BUSINESS,BUSINESS
COMEDY,COMEDY
SPORTS,CRIME
MEDIA,POLITICS
ARTS & CULTURE,ARTS & CULTURE
POLITICS,POLITICS
SCIENCE,EDUCATION
SPORTS,SPORTS
CRIME,CRIME
BUSINESS,BUSINESS
EDUCATION,BUSINESS
WOMEN,BUSINESS
POLITICS,CRIME
BUSINESS,BUSINESS
MEDIA,POLITICS
RELIGION,RELIGION
RELIGION,RELIGION
RELIGION,RELIGION
TECH,RELIGION
ARTS & CULTURE,ARTS & CULTURE
ENVIRONMENT,ENVIRONMENT
ENVIRONMENT,RELIGION
POLITICS,ARTS & CULTURE
POLITICS,POLITICS
ARTS & CULTURE,ARTS & CULTURE
EDUCATION,EDUCATION
COMEDY,COMEDY
EDUCATION,EDUCATION
SPORTS,POLITICS
COMEDY,ARTS & CULTURE
ARTS & CULTURE,ENTERTAINMENT
ENVIRONMENT,ENVIRONMENT
POLITICS,POLITICS
TECH,TECH
POLITICS,ARTS & CULTURE
ENTERTAINMENT,ARTS & CULTURE
RELIGION,RELIGION
COMEDY,COMEDY
ENTERTAINMENT,SPORTS
POLITICS,EDUCATION
POLITICS,MEDIA
ARTS & CULTURE,ENTERTAINMENT
RELIGION,RELIGION
POLITICS,POLITICS
ARTS & CULTURE,TECH
RELIGION,RELIGION
ARTS & CULTURE,ARTS & CULTURE
ENTERTAINMENT,MEDIA
ENTERTAINMENT,TECH
WOMEN,RELIGION
WOMEN,WOMEN
EDUCATION,EDUCATION
ENTERTAINMENT,ENVIRONMENT
ARTS & CULTURE,ARTS & CULTURE
ARTS & CULTURE,ARTS & CULTURE
ENTERTAINMENT,ARTS & CULTURE
SPORTS,SPORTS
EDUCATION,EDUCATION
ENTERTAINMENT,ENVIRONMENT
ENTERTAINMENT,WOMEN
ENVIRONMENT,SCIENCE
COMEDY,COMEDY
EDUCATION,ARTS & CULTURE
ENVIRONMENT,BUSINESS
ARTS & CULTURE,WOMEN
SPORTS,SPORTS
ENVIRONMENT,TECH
WOMEN,WOMEN
ARTS & CULTURE,EDUCATION
CRIME,BUSINESS
CRIME,POLITICS
SPORTS,SPORTS
ARTS & CULTURE,ARTS & CULTURE
TECH,ENTERTAINMENT
ARTS & CULTURE,ARTS & CULTURE
TECH,RELIGION
MEDIA,SPORTS
SPORTS,SPORTS
ARTS & CULTURE,ARTS & CULTURE
ENVIRONMENT,CRIME
ARTS & CULTURE,ENTERTAINMENT
TECH,TECH
ENVIRONMENT,SPORTS
ENTERTAINMENT,ARTS & CULTURE
BUSINESS,MEDIA
ENVIRONMENT,ENVIRONMENT
WOMEN,SPORTS
CRIME,CRIME
CRIME,SPORTS
ENTERTAINMENT,SPORTS
TECH,TECH
WOMEN,ARTS & CULTURE
POLITICS,MEDIA
SPORTS,SPORTS
ENTERTAINMENT,ENTERTAINMENT
ARTS & CULTURE,EDUCATION
ENVIRONMENT,BUSINESS
BUSINESS,BUSINESS
COMEDY,COMEDY
CRIME,MEDIA
CRIME,WOMEN
EDUCATION,CRIME
ENVIRONMENT,SCIENCE
SCIENCE,ENVIRONMENT
EDUCATION,ARTS & CULTURE
RELIGION,RELIGION
ARTS & CULTURE,ARTS & CULTURE
RELIGION,RELIGION
ARTS & CULTURE,ARTS & CULTURE
POLITICS,BUSINESS
WOMEN,WOMEN
EDUCATION,EDUCATION
EDUCATION,ARTS & CULTURE
ENVIRONMENT,ENVIRONMENT
ENTERTAINMENT,ENTERTAINMENT
MEDIA,MEDIA
RELIGION,RELIGION
WOMEN,SPORTS
TECH,TECH
CRIME,CRIME
ARTS & CULTURE,ARTS & CULTURE
ENVIRONMENT,ARTS & CULTURE
ENVIRONMENT,ENVIRONMENT
RELIGION,MEDIA
EDUCATION,EDUCATION
COMEDY,WOMEN
ENTERTAINMENT,ENTERTAINMENT
ARTS & CULTURE,ARTS & CULTURE
POLITICS,POLITICS
SPORTS,SPORTS
ENVIRONMENT,CRIME
ENTERTAINMENT,ENTERTAINMENT
TECH,TECH
BUSINESS,BUSINESS
ARTS & CULTURE,SPORTS
CRIME,CRIME
ARTS & CULTURE,ARTS & CULTURE
RELIGION,RELIGION
MEDIA,CRIME
POLITICS,POLITICS
ARTS & CULTURE,BUSINESS
RELIGION,EDUCATION
RELIGION,SPORTS
MEDIA,WOMEN
EDUCATION,POLITICS
ENVIRONMENT,ENVIRONMENT
POLITICS,TECH
EDUCATION,EDUCATION
COMEDY,COMEDY
ARTS & CULTURE,ENTERTAINMENT
CRIME,CRIME
MEDIA,RELIGION
ENTERTAINMENT,WOMEN
COMEDY,ENTERTAINMENT
ENVIRONMENT,BUSINESS
BUSINESS,BUSINESS
WOMEN,WOMEN
COMEDY,CRIME
WOMEN,MEDIA
ARTS & CULTURE,MEDIA
ARTS & CULTURE,ARTS & CULTURE
ARTS & CULTURE,ARTS & CULTURE
BUSINESS,BUSINESS
SPORTS,SPORTS
SCIENCE,ENTERTAINMENT
ARTS & CULTURE,ARTS & CULTURE
WOMEN,WOMEN
TECH,SCIENCE
ENTERTAINMENT,ARTS & CULTURE
CRIME,CRIME
SCIENCE,ENVIRONMENT
SPORTS,SPORTS
BUSINESS,EDUCATION
WOMEN,CRIME
ENTERTAINMENT,ENTERTAINMENT
WOMEN,ARTS & CULTURE
SPORTS,SPORTS
ARTS & CULTURE,ARTS & CULTURE
ENTERTAINMENT,ARTS & CULTURE
BUSINESS,TECH
COMEDY,COMEDY
ARTS & CULTURE,ARTS & CULTURE
POLITICS,POLITICS
SPORTS,SPORTS
WOMEN,WOMEN
EDUCATION,EDUCATION
EDUCATION,EDUCATION
SCIENCE,SCIENCE
EDUCATION,COMEDY
WOMEN,WOMEN
WOMEN,WOMEN
SPORTS,SPORTS
ENVIRONMENT,SCIENCE
ENVIRONMENT,CRIME
SPORTS,SPORTS
ENTERTAINMENT,SPORTS
BUSINESS,POLITICS
TECH,SPORTS
ARTS & CULTURE,POLITICS
TECH,TECH
RELIGION,RELIGION
WOMEN,ENTERTAINMENT
ENVIRONMENT,ENVIRONMENT
WOMEN,BUSINESS
COMEDY,COMEDY
SPORTS,SPORTS
EDUCATION,RELIGION
POLITICS,POLITICS
ARTS & CULTURE,WOMEN
ENTERTAINMENT,COMEDY
TECH,SPORTS
COMEDY,COMEDY
CRIME,ARTS & CULTURE
MEDIA,EDUCATION
WOMEN,ENVIRONMENT
TECH,TECH
ARTS & CULTURE,ARTS & CULTURE
ENVIRONMENT,ARTS & CULTURE
POLITICS,POLITICS
BUSINESS,BUSINESS
ENTERTAINMENT,ENTERTAINMENT
WOMEN,ARTS & CULTURE
ARTS & CULTURE,ARTS & CULTURE
ENVIRONMENT,ENVIRONMENT
SPORTS,WOMEN
COMEDY,WOMEN
RELIGION,RELIGION
SPORTS,COMEDY
ENVIRONMENT,ARTS & CULTURE
CRIME,CRIME
ARTS & CULTURE,ARTS & CULTURE
BUSINESS,TECH
POLITICS,POLITICS
COMEDY,COMEDY
ARTS & CULTURE,WOMEN
RELIGION,RELIGION
RELIGION,RELIGION
RELIGION,RELIGION
RELIGION,RELIGION
RELIGION,RELIGION
TECH,POLITICS
ARTS & CULTURE,ARTS & CULTURE
POLITICS,POLITICS
BUSINESS,TECH
ENVIRONMENT,ENVIRONMENT
ENVIRONMENT,COMEDY
EDUCATION,EDUCATION
MEDIA,SPORTS
ARTS & CULTURE,MEDIA
COMEDY,COMEDY
SPORTS,SPORTS
ARTS & CULTURE,ARTS & CULTURE
EDUCATION,EDUCATION
SPORTS,SPORTS
ENTERTAINMENT,ENTERTAINMENT
BUSINESS,CRIME
ENVIRONMENT,TECH
ENTERTAINMENT,ARTS & CULTURE
POLITICS,WOMEN
EDUCATION,COMEDY
BUSINESS,TECH
BUSINESS,EDUCATION
CRIME,RELIGION
ARTS & CULTURE,ARTS & CULTURE
MEDIA,COMEDY
WOMEN,WOMEN
SCIENCE,SCIENCE
ENVIRONMENT,EDUCATION
SPORTS,SPORTS
BUSINESS,CRIME
ARTS & CULTURE,ARTS & CULTURE
ENTERTAINMENT,COMEDY
ENVIRONMENT,ENVIRONMENT
TECH,BUSINESS
EDUCATION,EDUCATION
ARTS & CULTURE,SPORTS
ARTS & CULTURE,ARTS & CULTURE
COMEDY,COMEDY
MEDIA,MEDIA
EDUCATION,ENTERTAINMENT
MEDIA,MEDIA
TECH,TECH
ARTS & CULTURE,POLITICS
CRIME,CRIME
SPORTS,SPORTS
ENVIRONMENT,COMEDY
POLITICS,MEDIA
ARTS & CULTURE,ARTS & CULTURE
ENTERTAINMENT,ENTERTAINMENT
ENVIRONMENT,ARTS & CULTURE
ENTERTAINMENT,ENTERTAINMENT
ENTERTAINMENT,SPORTS
WOMEN,BUSINESS
RELIGION,RELIGION
WOMEN,WOMEN
COMEDY,COMEDY
MEDIA,RELIGION
ARTS & CULTURE,ENTERTAINMENT
ARTS & CULTURE,ARTS & CULTURE
BUSINESS,EDUCATION
ENTERTAINMENT,TECH
WOMEN,SPORTS
WOMEN,WOMEN
SCIENCE,ARTS & CULTURE
TECH,TECH
RELIGION,POLITICS
MEDIA,BUSINESS
COMEDY,BUSINESS
ARTS & CULTURE,ARTS & CULTURE
ENTERTAINMENT,ENTERTAINMENT
WOMEN,WOMEN
SPORTS,ARTS & CULTURE
SPORTS,SPORTS
SPORTS,ARTS & CULTURE
CRIME,CRIME
CRIME,RELIGION
ARTS & CULTURE,WOMEN
EDUCATION,EDUCATION
POLITICS,ARTS & CULTURE
SCIENCE,ARTS & CULTURE
ENTERTAINMENT,ENTERTAINMENT
SPORTS,SPORTS
SPORTS,TECH
RELIGION,MEDIA
EDUCATION,EDUCATION
ARTS & CULTURE,ARTS & CULTURE
ARTS & CULTURE,ARTS & CULTURE
ARTS & CULTURE,ARTS & CULTURE
SCIENCE,SCIENCE
MEDIA,MEDIA
WOMEN,ENTERTAINMENT
EDUCATION,TECH
MEDIA,MEDIA
WOMEN,WOMEN
BUSINESS,SCIENCE
SPORTS,POLITICS
ARTS & CULTURE,ARTS & CULTURE
ENVIRONMENT,ENVIRONMENT
RELIGION,RELIGION
SPORTS,COMEDY
COMEDY,COMEDY
TECH,EDUCATION
ENTERTAINMENT,ENVIRONMENT
EDUCATION,EDUCATION
POLITICS,ARTS & CULTURE
WOMEN,SPORTS
WOMEN,ARTS & CULTURE
MEDIA,POLITICS
ARTS & CULTURE,ARTS & CULTURE
SCIENCE,POLITICS
WOMEN,BUSINESS
ENVIRONMENT,ENVIRONMENT
ARTS & CULTURE,ARTS & CULTURE
ARTS & CULTURE,MEDIA
SPORTS,CRIME
CRIME,CRIME
RELIGION,POLITICS
BUSINESS,BUSINESS
ENVIRONMENT,BUSINESS
ENVIRONMENT,ENVIRONMENT
CRIME,POLITICS
ARTS & CULTURE,RELIGION
WOMEN,EDUCATION
POLITICS,POLITICS
EDUCATION,EDUCATION
ARTS & CULTURE,ARTS & CULTURE
POLITICS,POLITICS
ARTS & CULTURE,ARTS & CULTURE
WOMEN,WOMEN
WOMEN,WOMEN
RELIGION,RELIGION
TECH,TECH
RELIGION,EDUCATION
SPORTS,SPORTS
RELIGION,RELIGION
WOMEN,WOMEN
ARTS & CULTURE,ARTS & CULTURE
POLITICS,POLITICS
CRIME,ARTS & CULTURE
COMEDY,ENTERTAINMENT
MEDIA,POLITICS
BUSINESS,BUSINESS
ENVIRONMENT,ARTS & CULTURE
WOMEN,ARTS & CULTURE
MEDIA,CRIME
TECH,POLITICS
SPORTS,WOMEN
COMEDY,ENTERTAINMENT
POLITICS,POLITICS
TECH,TECH
ENVIRONMENT,ENVIRONMENT
BUSINESS,BUSINESS
RELIGION,POLITICS
ARTS & CULTURE,EDUCATION
CRIME,CRIME
RELIGION,ARTS & CULTURE
POLITICS,POLITICS
COMEDY,SCIENCE
WOMEN,RELIGION
SCIENCE,ARTS & CULTURE
WOMEN,BUSINESS
SPORTS,ARTS & CULTURE
COMEDY,COMEDY
ENVIRONMENT,SPORTS
ENTERTAINMENT,ENTERTAINMENT
SPORTS,SPORTS
RELIGION,RELIGION
RELIGION,POLITICS
ARTS & CULTURE,ARTS & CULTURE
MEDIA,BUSINESS
COMEDY,COMEDY
MEDIA,MEDIA
RELIGION,WOMEN
ARTS & CULTURE,MEDIA
SPORTS,SPORTS
SCIENCE,ENVIRONMENT
RELIGION,MEDIA
ARTS & CULTURE,SPORTS
POLITICS,MEDIA
ARTS & CULTURE,ARTS & CULTURE
SPORTS,SPORTS
SCIENCE,ARTS & CULTURE
RELIGION,ARTS & CULTURE
ENVIRONMENT,ENVIRONMENT
SCIENCE,SCIENCE
EDUCATION,EDUCATION
EDUCATION,EDUCATION
BUSINESS,BUSINESS
COMEDY,COMEDY
BUSINESS,BUSINESS
EDUCATION,RELIGION
RELIGION,RELIGION
EDUCATION,POLITICS
ENVIRONMENT,ENVIRONMENT
POLITICS,POLITICS
COMEDY,COMEDY
COMEDY,COMEDY
ENTERTAINMENT,ENTERTAINMENT
EDUCATION,EDUCATION
SCIENCE,ENVIRONMENT
POLITICS,ARTS & CULTURE
SCIENCE,ENVIRONMENT
CRIME,CRIME
COMEDY,COMEDY
COMEDY,POLITICS
BUSINESS,BUSINESS
WOMEN,RELIGION
ENTERTAINMENT,ENTERTAINMENT
ENVIRONMENT,ENVIRONMENT
SCIENCE,SCIENCE
SPORTS,SPORTS
COMEDY,ENTERTAINMENT
TECH,BUSINESS
ENTERTAINMENT,ENTERTAINMENT
WOMEN,WOMEN
WOMEN,WOMEN
ENVIRONMENT,ENVIRONMENT
TECH,EDUCATION
POLITICS,ENTERTAINMENT
BUSINESS,BUSINESS
TECH,SPORTS
ARTS & CULTURE,ARTS & CULTURE
ARTS & CULTURE,EDUCATION
ENTERTAINMENT,EDUCATION
MEDIA,POLITICS
EDUCATION,EDUCATION
ENVIRONMENT,ARTS & CULTURE
ARTS & CULTURE,MEDIA
BUSINESS,ENVIRONMENT
BUSINESS,TECH
ARTS & CULTURE,ARTS & CULTURE
POLITICS,BUSINESS
ENTERTAINMENT,WOMEN
ENVIRONMENT,ENVIRONMENT
BUSINESS,CRIME
POLITICS,POLITICS
POLITICS,COMEDY
WOMEN,WOMEN
ARTS & CULTURE,EDUCATION
RELIGION,COMEDY
BUSINESS,ARTS & CULTURE
ENVIRONMENT,ENVIRONMENT
RELIGION,ARTS & CULTURE
ENVIRONMENT,ENVIRONMENT
ARTS & CULTURE,ARTS & CULTURE
POLITICS,ARTS & CULTURE
ARTS & CULTURE,ARTS & CULTURE
COMEDY,ENTERTAINMENT
TECH,TECH
ARTS & CULTURE,ARTS & CULTURE
TECH,TECH
WOMEN,WOMEN
COMEDY,COMEDY
EDUCATION,EDUCATION
WOMEN,WOMEN
COMEDY,COMEDY
SPORTS,CRIME
ARTS & CULTURE,ARTS & CULTURE
TECH,CRIME
ENTERTAINMENT,ARTS & CULTURE
TECH,BUSINESS
ARTS & CULTURE,SCIENCE
EDUCATION,POLITICS
ENVIRONMENT,SCIENCE
EDUCATION,ARTS & CULTURE
RELIGION,RELIGION
ENTERTAINMENT,WOMEN
ENTERTAINMENT,ENTERTAINMENT
ENVIRONMENT,ENVIRONMENT
WOMEN,POLITICS
CRIME,CRIME
ENTERTAINMENT,BUSINESS
ENVIRONMENT,TECH
BUSINESS,ENTERTAINMENT
WOMEN,WOMEN
SCIENCE,CRIME
SCIENCE,SCIENCE
TECH,POLITICS
BUSINESS,TECH
ENVIRONMENT,TECH
CRIME,WOMEN
POLITICS,ENVIRONMENT
BUSINESS,TECH
SPORTS,SPORTS
ENVIRONMENT,BUSINESS
RELIGION,RELIGION
CRIME,CRIME
ENTERTAINMENT,ARTS & CULTURE
ARTS & CULTURE,WOMEN
WOMEN,WOMEN
EDUCATION,EDUCATION
ARTS & CULTURE,ARTS & CULTURE
ENTERTAINMENT,ENTERTAINMENT
COMEDY,COMEDY
WOMEN,EDUCATION
ENTERTAINMENT,ENTERTAINMENT
SPORTS,SPORTS
ENTERTAINMENT,COMEDY
MEDIA,POLITICS
BUSINESS,ARTS & CULTURE
WOMEN,WOMEN
SPORTS,SPORTS
ARTS & CULTURE,SPORTS
SPORTS,SPORTS
CRIME,ENTERTAINMENT
BUSINESS,POLITICS
SPORTS,SPORTS
BUSINESS,ARTS & CULTURE
COMEDY,COMEDY
TECH,SCIENCE
COMEDY,ENTERTAINMENT
POLITICS,POLITICS
POLITICS,ARTS & CULTURE
ARTS & CULTURE,ARTS & CULTURE
POLITICS,POLITICS
SPORTS,SPORTS
ARTS & CULTURE,WOMEN
EDUCATION,TECH
SCIENCE,SCIENCE
POLITICS,ENTERTAINMENT
BUSINESS,ARTS & CULTURE
RELIGION,POLITICS
SPORTS,WOMEN
ENTERTAINMENT,ENTERTAINMENT
MEDIA,MEDIA
RELIGION,RELIGION
ARTS & CULTURE,ARTS & CULTURE
POLITICS,BUSINESS
MEDIA,ENTERTAINMENT
POLITICS,CRIME
ENVIRONMENT,COMEDY
EDUCATION,EDUCATION
TECH,POLITICS
WOMEN,ENTERTAINMENT
COMEDY,COMEDY
COMEDY,COMEDY
BUSINESS,BUSINESS
EDUCATION,EDUCATION
SCIENCE,ARTS & CULTURE
RELIGION,ARTS & CULTURE
SPORTS,POLITICS
POLITICS,POLITICS
ARTS & CULTURE,BUSINESS
RELIGION,CRIME
EDUCATION,EDUCATION
RELIGION,ARTS & CULTURE
ARTS & CULTURE,ENTERTAINMENT
MEDIA,BUSINESS
BUSINESS,BUSINESS
RELIGION,EDUCATION
WOMEN,SCIENCE
SCIENCE,ENVIRONMENT
SCIENCE,SCIENCE
ENTERTAINMENT,ENTERTAINMENT
ARTS & CULTURE,ARTS & CULTURE
ENVIRONMENT,ENTERTAINMENT
BUSINESS,BUSINESS
ARTS & CULTURE,ARTS & CULTURE
ENTERTAINMENT,ENTERTAINMENT
ENVIRONMENT,ENVIRONMENT
TECH,TECH
TECH,ARTS & CULTURE
ENVIRONMENT,ENVIRONMENT
BUSINESS,POLITICS
CRIME,SPORTS
ENTERTAINMENT,ENTERTAINMENT
SPORTS,WOMEN
RELIGION,RELIGION
ARTS & CULTURE,ARTS & CULTURE
TECH,COMEDY
ENTERTAINMENT,COMEDY
EDUCATION,EDUCATION
ARTS & CULTURE,ARTS & CULTURE
ARTS & CULTURE,ARTS & CULTURE
TECH,TECH
EDUCATION,ARTS & CULTURE
BUSINESS,BUSINESS
ARTS & CULTURE,ENTERTAINMENT
ARTS & CULTURE,ENTERTAINMENT
SPORTS,SPORTS
BUSINESS,BUSINESS
COMEDY,COMEDY
COMEDY,COMEDY
BUSINESS,ENVIRONMENT
ARTS & CULTURE,RELIGION
POLITICS,POLITICS
ARTS & CULTURE,ARTS & CULTURE
ARTS & CULTURE,ARTS & CULTURE
BUSINESS,POLITICS
TECH,TECH
BUSINESS,BUSINESS
BUSINESS,BUSINESS
EDUCATION,EDUCATION
MEDIA,MEDIA
ARTS & CULTURE,ARTS & CULTURE
WOMEN,WOMEN
TECH,TECH
RELIGION,SPORTS
ENTERTAINMENT,MEDIA
EDUCATION,ENVIRONMENT
SPORTS,RELIGION
MEDIA,EDUCATION
TECH,TECH
TECH,POLITICS
BUSINESS,BUSINESS
ENTERTAINMENT,ARTS & CULTURE
POLITICS,POLITICS
CRIME,CRIME
MEDIA,COMEDY
BUSINESS,SPORTS
SCIENCE,SCIENCE
RELIGION,WOMEN
ARTS & CULTURE,ARTS & CULTURE
BUSINESS,BUSINESS
SPORTS,EDUCATION
CRIME,TECH
ENVIRONMENT,ARTS & CULTURE
SPORTS,EDUCATION
SCIENCE,ENVIRONMENT
ENVIRONMENT,SPORTS
ENVIRONMENT,ENVIRONMENT
BUSINESS,ARTS & CULTURE
SCIENCE,SCIENCE
ENTERTAINMENT,ARTS & CULTURE
WOMEN,WOMEN
MEDIA,MEDIA
TECH,ENVIRONMENT
MEDIA,TECH
MEDIA,POLITICS
ENTERTAINMENT,COMEDY
BUSINESS,ARTS & CULTURE
BUSINESS,BUSINESS
BUSINESS,ARTS & CULTURE
RELIGION,RELIGION
RELIGION,RELIGION
WOMEN,WOMEN
ENTERTAINMENT,POLITICS
TECH,POLITICS
TECH,TECH
EDUCATION,BUSINESS
ARTS & CULTURE,WOMEN
RELIGION,RELIGION
RELIGION,RELIGION
WOMEN,WOMEN
ARTS & CULTURE,ENVIRONMENT
RELIGION,RELIGION
ARTS & CULTURE,BUSINESS
ENVIRONMENT,CRIME
BUSINESS,POLITICS
COMEDY,WOMEN
WOMEN,WOMEN
POLITICS,POLITICS
POLITICS,MEDIA
ENTERTAINMENT,ARTS & CULTURE
SPORTS,SPORTS
TECH,TECH
RELIGION,RELIGION
EDUCATION,EDUCATION
SPORTS,RELIGION
BUSINESS,CRIME
POLITICS,POLITICS
BUSINESS,WOMEN
TECH,SCIENCE
CRIME,CRIME
SCIENCE,SCIENCE
BUSINESS,WOMEN
COMEDY,COMEDY
ENTERTAINMENT,ENTERTAINMENT
ARTS & CULTURE,ARTS & CULTURE
ARTS & CULTURE,ARTS & CULTURE
EDUCATION,EDUCATION
CRIME,TECH
WOMEN,WOMEN
ENVIRONMENT,TECH
ARTS & CULTURE,ENVIRONMENT
WOMEN,MEDIA
POLITICS,POLITICS
POLITICS,ENTERTAINMENT
ENVIRONMENT,ENVIRONMENT
MEDIA,MEDIA
POLITICS,POLITICS
ARTS & CULTURE,POLITICS
POLITICS,POLITICS
ARTS & CULTURE,ENTERTAINMENT
WOMEN,WOMEN
CRIME,POLITICS
RELIGION,EDUCATION
BUSINESS,SPORTS
WOMEN,ENTERTAINMENT
ENVIRONMENT,BUSINESS
WOMEN,WOMEN
TECH,TECH
TECH,TECH
RELIGION,ARTS & CULTURE
SPORTS,EDUCATION
COMEDY,CRIME
BUSINESS,BUSINESS
ENTERTAINMENT,ARTS & CULTURE
BUSINESS,POLITICS
SCIENCE,ENVIRONMENT
ENTERTAINMENT,ENTERTAINMENT
WOMEN,ENTERTAINMENT
RELIGION,POLITICS
WOMEN,RELIGION
BUSINESS,RELIGION
POLITICS,POLITICS
RELIGION,RELIGION
MEDIA,POLITICS
BUSINESS,BUSINESS
MEDIA,ARTS & CULTURE
BUSINESS,WOMEN
ARTS & CULTURE,BUSINESS
MEDIA,MEDIA
ENVIRONMENT,EDUCATION
MEDIA,MEDIA
POLITICS,SPORTS
ARTS & CULTURE,ARTS & CULTURE
EDUCATION,EDUCATION
EDUCATION,POLITICS
MEDIA,POLITICS
ARTS & CULTURE,ARTS & CULTURE
ARTS & CULTURE,RELIGION
ENTERTAINMENT,ARTS & CULTURE
ARTS & CULTURE,ARTS & CULTURE
EDUCATION,ENVIRONMENT
SPORTS,TECH
ARTS & CULTURE,ARTS & CULTURE
ENTERTAINMENT,ENTERTAINMENT
BUSINESS,COMEDY
ARTS & CULTURE,ARTS & CULTURE
WOMEN,COMEDY
POLITICS,RELIGION
EDUCATION,EDUCATION
SCIENCE,ARTS & CULTURE
ENTERTAINMENT,ENTERTAINMENT
EDUCATION,RELIGION
TECH,TECH
TECH,MEDIA
ARTS & CULTURE,COMEDY
COMEDY,MEDIA
BUSINESS,ARTS & CULTURE
RELIGION,RELIGION
SPORTS,POLITICS
WOMEN,ENVIRONMENT
SCIENCE,COMEDY
WOMEN,WOMEN
ARTS & CULTURE,ARTS & CULTURE
EDUCATION,EDUCATION
SPORTS,SPORTS
WOMEN,ARTS & CULTURE
ENVIRONMENT,COMEDY
SPORTS,SPORTS
RELIGION,RELIGION
MEDIA,MEDIA
EDUCATION,CRIME
TECH,ENTERTAINMENT
MEDIA,MEDIA
TECH,BUSINESS
EDUCATION,EDUCATION
COMEDY,COMEDY
EDUCATION,EDUCATION
WOMEN,MEDIA
CRIME,CRIME
SPORTS,ARTS & CULTURE
ARTS & CULTURE,ARTS & CULTURE
RELIGION,POLITICS
ENVIRONMENT,TECH
COMEDY,COMEDY
POLITICS,POLITICS
BUSINESS,BUSINESS
RELIGION,TECH
ARTS & CULTURE,TECH
ENTERTAINMENT,WOMEN
CRIME,CRIME
ENTERTAINMENT,ENTERTAINMENT
SPORTS,POLITICS
SCIENCE,SCIENCE
CRIME,CRIME
COMEDY,COMEDY
COMEDY,COMEDY
BUSINESS,ARTS & CULTURE
EDUCATION,EDUCATION
ARTS & CULTURE,ARTS & CULTURE
BUSINESS,WOMEN
BUSINESS,BUSINESS
EDUCATION,ARTS & CULTURE
ARTS & CULTURE,ARTS & CULTURE
RELIGION,TECH
COMEDY,ENTERTAINMENT
SPORTS,SPORTS
EDUCATION,EDUCATION
EDUCATION,EDUCATION
ARTS & CULTURE,ARTS & CULTURE
POLITICS,ARTS & CULTURE
EDUCATION,EDUCATION
SPORTS,SPORTS
MEDIA,MEDIA
COMEDY,MEDIA
WOMEN,POLITICS
BUSINESS,ARTS & CULTURE
POLITICS,POLITICS
EDUCATION,EDUCATION
TECH,TECH
ARTS & CULTURE,COMEDY
ENVIRONMENT,ENVIRONMENT
CRIME,WOMEN
ARTS & CULTURE,ARTS & CULTURE
RELIGION,ARTS & CULTURE
ENVIRONMENT,EDUCATION
POLITICS,POLITICS
POLITICS,RELIGION
ENTERTAINMENT,TECH
SPORTS,SPORTS
EDUCATION,EDUCATION
ARTS & CULTURE,EDUCATION
WOMEN,ENTERTAINMENT
POLITICS,RELIGION
CRIME,SPORTS
SCIENCE,EDUCATION
COMEDY,ARTS & CULTURE
ENTERTAINMENT,RELIGION
EDUCATION,EDUCATION
WOMEN,CRIME
EDUCATION,EDUCATION
POLITICS,POLITICS
BUSINESS,BUSINESS
ARTS & CULTURE,SPORTS
ARTS & CULTURE,ARTS & CULTURE
RELIGION,POLITICS
WOMEN,WOMEN
POLITICS,POLITICS
TECH,TECH
BUSINESS,TECH
ARTS & CULTURE,WOMEN
ENTERTAINMENT,ARTS & CULTURE
CRIME,CRIME
POLITICS,POLITICS
ARTS & CULTURE,ARTS & CULTURE
WOMEN,MEDIA
POLITICS,SPORTS
BUSINESS,BUSINESS
WOMEN,WOMEN
ARTS & CULTURE,ARTS & CULTURE
SPORTS,SPORTS
RELIGION,RELIGION
RELIGION,RELIGION
WOMEN,EDUCATION
SPORTS,SPORTS
EDUCATION,EDUCATION
COMEDY,COMEDY
ENVIRONMENT,TECH
POLITICS,WOMEN
WOMEN,ENTERTAINMENT
CRIME,CRIME
MEDIA,ARTS & CULTURE
MEDIA,POLITICS
TECH,BUSINESS
TECH,TECH
SCIENCE,SCIENCE
ARTS & CULTURE,BUSINESS
ENTERTAINMENT,ENTERTAINMENT
BUSINESS,CRIME
CRIME,CRIME
BUSINESS,ARTS & CULTURE
ARTS & CULTURE,ARTS & CULTURE
RELIGION,ARTS & CULTURE
WOMEN,ARTS & CULTURE
ARTS & CULTURE,SPORTS
ENTERTAINMENT,EDUCATION
MEDIA,MEDIA
COMEDY,ARTS & CULTURE
EDUCATION,EDUCATION
BUSINESS,BUSINESS
SPORTS,SPORTS
SPORTS,POLITICS
CRIME,CRIME
MEDIA,SPORTS
SPORTS,SPORTS
BUSINESS,TECH
MEDIA,POLITICS
SPORTS,SPORTS
POLITICS,POLITICS
BUSINESS,EDUCATION
TECH,BUSINESS
TECH,SPORTS
ENVIRONMENT,ENVIRONMENT
RELIGION,ARTS & CULTURE
TECH,WOMEN
CRIME,CRIME
EDUCATION,ENVIRONMENT
ENVIRONMENT,EDUCATION
CRIME,CRIME
COMEDY,COMEDY
ARTS & CULTURE,ARTS & CULTURE
POLITICS,POLITICS
ARTS & CULTURE,ARTS & CULTURE
ENVIRONMENT,SCIENCE
WOMEN,ARTS & CULTURE
EDUCATION,EDUCATION
ARTS & CULTURE,ARTS & CULTURE
ENTERTAINMENT,ENTERTAINMENT
ARTS & CULTURE,WOMEN
COMEDY,SPORTS
BUSINESS,BUSINESS
ARTS & CULTURE,ARTS & CULTURE
EDUCATION,POLITICS
SPORTS,SPORTS
TECH,ENTERTAINMENT
MEDIA,MEDIA
ARTS & CULTURE,MEDIA
BUSINESS,TECH
ENTERTAINMENT,COMEDY
WOMEN,ARTS & CULTURE
ENTERTAINMENT,POLITICS
MEDIA,POLITICS
TECH,TECH
ARTS & CULTURE,ARTS & CULTURE
MEDIA,WOMEN
EDUCATION,EDUCATION
WOMEN,TECH
SCIENCE,ENVIRONMENT
CRIME,WOMEN
SPORTS,WOMEN
POLITICS,CRIME
ARTS & CULTURE,RELIGION
RELIGION,WOMEN
EDUCATION,EDUCATION
RELIGION,ARTS & CULTURE
ENVIRONMENT,BUSINESS
ARTS & CULTURE,ARTS & CULTURE
WOMEN,BUSINESS
ENVIRONMENT,ENVIRONMENT
MEDIA,ARTS & CULTURE
RELIGION,RELIGION
POLITICS,POLITICS
WOMEN,WOMEN
MEDIA,ARTS & CULTURE
BUSINESS,TECH
WOMEN,MEDIA
ENTERTAINMENT,COMEDY
ARTS & CULTURE,BUSINESS
COMEDY,COMEDY
ARTS & CULTURE,ARTS & CULTURE
SCIENCE,SCIENCE
EDUCATION,EDUCATION
TECH,MEDIA
WOMEN,WOMEN
ENTERTAINMENT,TECH
SCIENCE,ENVIRONMENT
ARTS & CULTURE,ARTS & CULTURE
EDUCATION,EDUCATION
ENTERTAINMENT,EDUCATION
ENVIRONMENT,RELIGION
EDUCATION,EDUCATION
ENVIRONMENT,ENVIRONMENT
EDUCATION,SPORTS
ARTS & CULTURE,ARTS & CULTURE
BUSINESS,BUSINESS
ENTERTAINMENT,ENTERTAINMENT
COMEDY,COMEDY
ENTERTAINMENT,ENTERTAINMENT
BUSINESS,WOMEN
ARTS & CULTURE,ARTS & CULTURE
ARTS & CULTURE,ARTS & CULTURE
POLITICS,POLITICS
ENVIRONMENT,ENVIRONMENT
ENVIRONMENT,ENVIRONMENT
WOMEN,TECH
POLITICS,POLITICS
ENVIRONMENT,BUSINESS
SCIENCE,SCIENCE
EDUCATION,EDUCATION
CRIME,CRIME
TECH,EDUCATION
ARTS & CULTURE,ARTS & CULTURE
BUSINESS,BUSINESS
ARTS & CULTURE,CRIME
ARTS & CULTURE,ENVIRONMENT
SPORTS,SPORTS
ENVIRONMENT,ENVIRONMENT
ARTS & CULTURE,ENTERTAINMENT
CRIME,CRIME
ARTS & CULTURE,MEDIA
RELIGION,SCIENCE
SPORTS,SPORTS
TECH,ENTERTAINMENT
ENVIRONMENT,ENVIRONMENT
TECH,TECH
RELIGION,RELIGION
RELIGION,RELIGION
EDUCATION,EDUCATION
BUSINESS,POLITICS
ARTS & CULTURE,POLITICS
SCIENCE,WOMEN
ARTS & CULTURE,ARTS & CULTURE
TECH,ARTS & CULTURE
MEDIA,MEDIA
ENVIRONMENT,ARTS & CULTURE
ARTS & CULTURE,ARTS & CULTURE
BUSINESS,ENTERTAINMENT
MEDIA,RELIGION
SPORTS,WOMEN
TECH,MEDIA
BUSINESS,POLITICS
SPORTS,SPORTS
POLITICS,ARTS & CULTURE
SPORTS,WOMEN
CRIME,ENTERTAINMENT
EDUCATION,EDUCATION
ENTERTAINMENT,ENTERTAINMENT
WOMEN,COMEDY
EDUCATION,EDUCATION
SCIENCE,SCIENCE
ENTERTAINMENT,ENTERTAINMENT
POLITICS,MEDIA
SCIENCE,EDUCATION
EDUCATION,EDUCATION
EDUCATION,EDUCATION
ARTS & CULTURE,WOMEN
SCIENCE,ENVIRONMENT
POLITICS,POLITICS
MEDIA,COMEDY
SPORTS,SPORTS
COMEDY,COMEDY
ARTS & CULTURE,ARTS & CULTURE
BUSINESS,BUSINESS
ARTS & CULTURE,ARTS & CULTURE
EDUCATION,ENVIRONMENT
SCIENCE,ENVIRONMENT
ARTS & CULTURE,ARTS & CULTURE
RELIGION,RELIGION
ARTS & CULTURE,ARTS & CULTURE
EDUCATION,EDUCATION
SPORTS,SPORTS
ARTS & CULTURE,ARTS & CULTURE
ARTS & CULTURE,ENTERTAINMENT
BUSINESS,COMEDY
SPORTS,WOMEN
POLITICS,BUSINESS
RELIGION,RELIGION
RELIGION,RELIGION
MEDIA,ARTS & CULTURE
ENVIRONMENT,SCIENCE
WOMEN,WOMEN
ARTS & CULTURE,ARTS & CULTURE
EDUCATION,BUSINESS
SPORTS,SPORTS
BUSINESS,BUSINESS
POLITICS,POLITICS
CRIME,CRIME
SCIENCE,ENVIRONMENT
ARTS & CULTURE,ARTS & CULTURE
ENTERTAINMENT,BUSINESS
EDUCATION,COMEDY
RELIGION,RELIGION
ENVIRONMENT,ENVIRONMENT
POLITICS,POLITICS
TECH,BUSINESS
SCIENCE,ENVIRONMENT
TECH,TECH
POLITICS,WOMEN
TECH,ENVIRONMENT
COMEDY,TECH
RELIGION,RELIGION
COMEDY,MEDIA
MEDIA,MEDIA
SPORTS,ENVIRONMENT
ARTS & CULTURE,ARTS & CULTURE
ARTS & CULTURE,TECH
EDUCATION,ENVIRONMENT
BUSINESS,BUSINESS
TECH,TECH
BUSINESS,ENVIRONMENT
POLITICS,RELIGION
ARTS & CULTURE,ARTS & CULTURE
ENVIRONMENT,ARTS & CULTURE
TECH,BUSINESS
ARTS & CULTURE,ENVIRONMENT
ARTS & CULTURE,ENVIRONMENT
ENTERTAINMENT,SPORTS
EDUCATION,EDUCATION
ENTERTAINMENT,MEDIA
CRIME,EDUCATION
BUSINESS,BUSINESS
POLITICS,POLITICS
WOMEN,ARTS & CULTURE
POLITICS,BUSINESS
RELIGION,ARTS & CULTURE
WOMEN,BUSINESS
EDUCATION,EDUCATION
RELIGION,RELIGION
ARTS & CULTURE,ARTS & CULTURE
ENVIRONMENT,ENVIRONMENT
RELIGION,ENTERTAINMENT
POLITICS,POLITICS
POLITICS,POLITICS
TECH,ARTS & CULTURE
MEDIA,MEDIA
WOMEN,RELIGION
BUSINESS,SPORTS
EDUCATION,EDUCATION
WOMEN,WOMEN
RELIGION,BUSINESS
ARTS & CULTURE,ARTS & CULTURE
ARTS & CULTURE,ARTS & CULTURE
ENTERTAINMENT,ENTERTAINMENT
ARTS & CULTURE,ARTS & CULTURE
EDUCATION,EDUCATION
POLITICS,ARTS & CULTURE
SPORTS,POLITICS
MEDIA,ARTS & CULTURE
SPORTS,SPORTS
TECH,CRIME
BUSINESS,BUSINESS
COMEDY,COMEDY
TECH,TECH
WOMEN,RELIGION
SPORTS,SPORTS
SPORTS,CRIME
RELIGION,RELIGION
ARTS & CULTURE,SCIENCE
RELIGION,RELIGION
ARTS & CULTURE,ARTS & CULTURE
COMEDY,COMEDY
WOMEN,TECH
COMEDY,ARTS & CULTURE
WOMEN,TECH
ARTS & CULTURE,ARTS & CULTURE
EDUCATION,EDUCATION
SPORTS,SPORTS
BUSINESS,BUSINESS
ENVIRONMENT,SPORTS
WOMEN,ENTERTAINMENT
TECH,TECH
ARTS & CULTURE,ARTS & CULTURE
MEDIA,EDUCATION
ARTS & CULTURE,ENTERTAINMENT
ENTERTAINMENT,ENTERTAINMENT
ENVIRONMENT,ARTS & CULTURE
POLITICS,POLITICS
POLITICS,POLITICS
EDUCATION,RELIGION
ENTERTAINMENT,ENTERTAINMENT
POLITICS,SPORTS
RELIGION,RELIGION
ARTS & CULTURE,ARTS & CULTURE
TECH,ARTS & CULTURE
ARTS & CULTURE,ARTS & CULTURE
COMEDY,EDUCATION
TECH,TECH
ARTS & CULTURE,RELIGION
SPORTS,WOMEN
EDUCATION,EDUCATION
SPORTS,SPORTS
WOMEN,BUSINESS
ARTS & CULTURE,ARTS & CULTURE
RELIGION,RELIGION
SPORTS,SPORTS
TECH,TECH
ENTERTAINMENT,ARTS & CULTURE
MEDIA,WOMEN
COMEDY,POLITICS
TECH,MEDIA
ENVIRONMENT,ENVIRONMENT
ARTS & CULTURE,TECH
RELIGION,RELIGION
POLITICS,POLITICS
ARTS & CULTURE,ENTERTAINMENT
TECH,ARTS & CULTURE
ARTS & CULTURE,TECH
EDUCATION,BUSINESS
RELIGION,RELIGION
BUSINESS,BUSINESS
EDUCATION,EDUCATION
RELIGION,ARTS & CULTURE
ENVIRONMENT,MEDIA
WOMEN,RELIGION
BUSINESS,ARTS & CULTURE
TECH,TECH
ENVIRONMENT,ENVIRONMENT
CRIME,CRIME
TECH,TECH
SPORTS,SPORTS
EDUCATION,RELIGION
WOMEN,BUSINESS
TECH,TECH
EDUCATION,EDUCATION
ENVIRONMENT,BUSINESS
CRIME,CRIME
SCIENCE,SCIENCE
SCIENCE,ARTS & CULTURE
POLITICS,BUSINESS
ENTERTAINMENT,POLITICS
ENTERTAINMENT,WOMEN
COMEDY,COMEDY
CRIME,BUSINESS
COMEDY,RELIGION
BUSINESS,BUSINESS
SCIENCE,SCIENCE
MEDIA,BUSINESS
SCIENCE,BUSINESS
WOMEN,WOMEN
WOMEN,ENTERTAINMENT
BUSINESS,WOMEN
BUSINESS,POLITICS
EDUCATION,EDUCATION
ARTS & CULTURE,RELIGION
ARTS & CULTURE,WOMEN
ENTERTAINMENT,ARTS & CULTURE
SPORTS,ENVIRONMENT
ARTS & CULTURE,COMEDY
ARTS & CULTURE,TECH
ENTERTAINMENT,COMEDY
ARTS & CULTURE,WOMEN
ENVIRONMENT,ENVIRONMENT
EDUCATION,POLITICS
ARTS & CULTURE,POLITICS
POLITICS,POLITICS
WOMEN,ARTS & CULTURE
POLITICS,BUSINESS
POLITICS,EDUCATION
COMEDY,COMEDY
POLITICS,BUSINESS
ENVIRONMENT,TECH
ENVIRONMENT,ENVIRONMENT
SCIENCE,SCIENCE
SCIENCE,ARTS & CULTURE
POLITICS,POLITICS
ARTS & CULTURE,ARTS & CULTURE
ENVIRONMENT,COMEDY
ARTS & CULTURE,ARTS & CULTURE
BUSINESS,BUSINESS
WOMEN,WOMEN
ENTERTAINMENT,ENTERTAINMENT
ARTS & CULTURE,ARTS & CULTURE
MEDIA,WOMEN
TECH,ARTS & CULTURE
WOMEN,WOMEN
RELIGION,EDUCATION
ENVIRONMENT,TECH
CRIME,CRIME
ARTS & CULTURE,ARTS & CULTURE
SPORTS,SPORTS
POLITICS,WOMEN
SCIENCE,SCIENCE
SPORTS,SPORTS
SCIENCE,SCIENCE
WOMEN,EDUCATION
EDUCATION,EDUCATION
ENTERTAINMENT,BUSINESS
CRIME,ENVIRONMENT
RELIGION,RELIGION
